GivenName,Surname,StreetAddress,City,Title,Username,Password,Country,TelephoneNumber,Occupation
Heather,Johnson,2944 River Road,Pueblo,Ms.,Huselan,coh3Gai5Oon,US,719-562-0448,Broadcast captioner
James,Hassel,3020 Berkley Street,Portland,Mr.,jhassel,Reallysecure!,US,484-887-7943,Rolling machine operator
Christine,Smith,2019 Pinewood Avenue,Stephenson,Ms.,Ween1937,Aen9UuTee2l,US,906-826-2219,Log mover
Marion,Cardwell,2825 Boggess Street,Fort Worth,Ms.,Accar1971,Ree8eecoo,US,940-206-1405,Credit authorizer
Wilford,Johnson,4478 Loving Acres Road,Dallas,Mr.,Edwou1945,che6Iek5ioCh,US,817-225-6206,Medical records technician
Angelica,Harbin,3026 Romines Mill Road,Frisco,Mrs.,Froppres,zie8eidei4Ai,US,214-618-6366,Desktop publishing editor
James,Roy,1732 Pine Street,Sewickley,Mr.,Strughbrets,see6aiLie8S,US,724-328-8531,Microbiology technologist
Dan,Pitts,4798 Oakwood Circle,Irvine,Mr.,Exchilliked,ziesoh1Aic6,US,949-297-7187,Human resources representative
Darrell,Weiss,2192 Alexander Avenue,San Francisco,Mr.,Scove1950,qui1pieRai5,US,925-694-8907,Medicinal chemist
Thelma,Thomas,3708 Lauren Drive,Madison,Ms.,Nowbod67,Phoh4teit,US,608-441-1735,Heat treating equipment tender
Mary,Pancoast,1030 Quilly Lane,Columbus,Ms.,Himpless,phaey6Ash,US,614-543-7893,Small engine mechanic
Vanessa,Coffey,413 Dovetail Drive,Arlington Heights,Ms.,Glikeels,tahn7ev9Bei,US,847-275-6559,Industrial production manager
Kimberley,Minjares,3875 Mercer Street,Lewis,Mrs.,Lontageman,jiephiequ7Oo,US,715-653-5982,Documentation specialist
John,Bostic,1597 Patterson Fork Road,Chicago,Mr.,Tionant,Ooz8aeBae,US,312-612-8986,Surgical technician
Catherine,Heideman,1977 Kooter Lane,Charlotte,Mrs.,Samet1983,Dai1jaix5ie,US,704-464-7417,Industrial millwright
Larry,Marano,1801 Harley Brook Lane,Altoona,Mr.,Miliche1979,IL3leeroo2j,US,814-604-1717,Janitor
Ronald,Mitchell,1897 Matthews Street,Sterling,Mr.,Amirs1983,lieQueiph6,US,815-631-6139,Chauffeur
Mary,Robinson,2386 Golden Street,Miami,Mrs.,Himmathrely,mui2oaPh0ei,US,305-608-9202,Rail-track laying and maintenance equipment operator
Marlene,Conway,1481 Gandy Street,Saint Louis,Ms.,Itand1953,iGh6Xaivah5,US,314-999-7553,Able seaman
Jennifer,Perkins,4287 Fort Street,Seattle,Ms.,Tining,aeyo0AhPotae,US,253-252-8019,Research chef
Ruben,Berg,4291 Seltice Way,Twin Falls,Mr.,Butrarstabor,eifa7haeRu,US,208-731-8999,Recreational vehicle service technician
Jerry,Frank,2045 Linda Street,Newark,Mr.,Whovestaken,sai3Diejoh,US,267-755-2714,Broker
Thomas,Deroche,3710 Thrash Trail,Texarkana,Mr.,Meated,vasuu9Eech,US,903-614-2848,Electrical and electronics engineering technician
Mark,Rich,4647 Ford Street,Santa Clara,Mr.,Noren1932,aezeeK9fur,US,408-450-4887,Air traffic controller
Kevin,Mills,2407 Trainer Avenue,Aledo,Mr.,Giagrobtly,Vienah3gei8,US,309-574-3168,Legal assistant
Lillian,Scott,4145 Woodhill Avenue,Pikesville,Mrs.,Mosty1969,moof5Eing,US,410-764-8417,Automotive glass repairer
Christopher,Rossi,1842 Berkley Street,Plymouth Meeting,Mr.,Cous1975,ohyee7Voh,US,484-883-2018,Secondary school teacher
Toni,Burns,4464 Single Street,Boston,Mrs.,Creeidell,Aesei0OoVae,US,781-603-5782,Gaming change person
Karl,Jordan,4978 Hall Place,Linden,Mr.,Ofteemontly,peiNg0aeze,US,903-756-3932,Water transportation occupation
Jean,Ocallaghan,3745 Railroad Street,Jacksonville Beach,Mrs.,Fienjouricen,aegheidaXa7,US,904-956-1792,Field sales supervisor
Patrick,Coleman,1626 Fairfield Road,Menomonee Falls,Mr.,Crulton,uon0Eezooh,US,262-703-0323,Credentials specialist
Thomas,Stonecipher,4798 University Street,Seattle,Mr.,rjames,Ultrasecure!,US,206-357-7570,Nurse practitioner
Margaret,Hoxie,3227 Meadow Lane,San Francisco,Ms.,Petly1991,oe9Veeph7ei,US,707-319-0166,Diabetes management nurse
Andrea,Ray,350 Deer Ridge Drive,Mountain View,Ms.,Shance,ooj3YiaCh,US,973-628-6413,Managing editor
Lisa,Ewen,2321 Beeghley Street,Athens,Mrs.,lewen,Office365!,US,256-216-1228,Personal Assistance CIO
Melvin,Moronta,4017 Glen Street,Bowling Green,Mr.,Elvinew,ainging7eiCh,US,270-303-8492,Flight engineer
Thomas,Bell,2935 Kelley Road,Gulfport,Mr.,Erybousbaby,iWooz6ha2ca,US,228-342-2668,Brace maker
George,Torres,1298 Maple Street,Los Angeles,Mr.,Pariz1977,am0uot9Si3,US,714-410-2919,Aircraft structure assembler
Jacob,Brace,308 Andell Road,Worthington,Mr.,Therfuriour,phiuJi3Eisae,US,614-946-8494,Automation and control technician
Nancy,Fillmore,4393 Hampton Meadows,Concord,Ms.,Witer1962,fie5kuvohKai,US,978-371-9995,Air Force
Robert,Lewis,2133 Airplane Avenue,Stamford,Mr.,Hicing1965,XaiJ7vogieb,US,860-821-6378,Occupational health and safety technician
Catherine,Shaw,3248 Romano Street,Braintree,Ms.,Buthrel,aetoc3Homee,US,781-380-0697,Conservation forester
Brent,Thompson,2424 Bottom Lane,Brocton,Dr.,Puter1997,euGheo5Uaha,US,716-792-7555,Surgeons
Tanya,Spriggs,4915 Saint James Drive,York,Mrs.,Brithinew,Ucaer5dai,US,717-434-0753,Front desk clerk
Maureen,Miller,3508 Ruckman Road,Oklahoma City,Mrs.,Expeck1944,doht5Tho9,US,405-824-2465,Photographic retoucher
Natalia,Peterson,4781 Jail Drive,Macomb,Ms.,Upostily88,gahGuv3s,US,309-955-3744,Qualified members of the engine department
Jean,Andersen,2896 Braxton Street,Rockford,Ms.,Wergeled,Aj0OoXoNoo8,US,815-489-1212,Bookbinder
Amanda,Rush,2948 Apple Lane,Peoria,Mrs.,Thisil,aehai4If,US,309-250-3849,Floor broker
Merlin,Payan,1115 Elk Rd Little,Schenectady,Mr.,Thattles,Eixohg5kie,US,518-982-4592,Front-end mechanic
Kathy,Kreps,759 Daffodil Lane,Centerville,Mrs.,kkreps,Megasecure!,US,703-449-4662,Developer